PitchTitle,PitchType,PitcherFullName,release_speed,release_spin_rate,release_pos_z,release_pos_y,release_pos_x,PlateLocHeight,PlateLocSide,vx0,vy0,vz0,ax,ay,az,SeamLat,SeamLon
"Duffey, Tyler FF",FF,"Duffey, Tyler",92.50833333333333,2306.0833333333335,5.644166666666667,56.6,-2.99,1.1058333333333332,-0.3475,9.026455662344755,-134.45086080907592,-3.0868904250886,-6.184643355540834,28.362249225254327,-18.23264441906943,-4.0249160453347566,77.13205943198697
